Workbook

Sheet Дашборд
C5: =Обработка!A2 -> Удержание пользовталей в течение недели (%) | G5: =Обработка!A3 -> Оценка в AppStore (0-100) | K5: =Обработка!A4 -> Конверсия в платеж (%)
D6: =Обработка!B2 -> 0.79 | H6: =Обработка!B3 -> 0.83 | L6: =Обработка!B4 -> 0.83

Sheet Данные
A1: Неделя после релиза | B1: Удержание пользовталей в течение недели (%) | C1: Оценка в AppStore (0-100) | D1: Конверсия в платеж (%)
A2: Неделя 1 | B2: 0.3 | C2: 0.25 | D2: 0.05
A3: Неделя 2 | B3: 0.25 | C3: 0.33 | D3: 0.12
A4: Неделя 3 | B4: 0.15 | C4: 0.34 | D4: 0.08
A5: Неделя 4 | B5: 0.38 | C5: 0.4 | D5: 0.15
A6: Неделя 5 | B6: 0.3 | C6: 0.49 | D6: 0.2
A7: Неделя 6 | B7: 0.5 | C7: 0.4 | D7: 0.21
A8: Неделя 7 | B8: 0.56 | C8: 0.65 | D8: 0.22
A9: Неделя 8 | B9: 0.6 | C9: 0.7 | D9: 0.46
A10: Неделя 9 | B10: 0.68 | C10: 0.8 | D10: 0.72
A11: Неделя 10 | B11: 0.6 | C11: 0.82 | D11: 0.2
A12: Неделя 11 | B12: 0.75 | C12: 0.84 | D12: 0.56
A13: Неделя 12 | B13: 0.79 | C13: 0.83 | D13: 0.83

Sheet Обработка
A1: 12 | B1: =INDEX(Данные!A2:A13,A1) -> Неделя 12 | E1: Уров. обслуж. | F1: =ROUND(B2*100,0) -> 79 | G1: 0 | H1: =SUM($G$2:G11) -> 10 | I1: =SUM($G$2:H11) -> 20 | J1: =SUM($G$2:I11) -> 30 | K1: =SUM($G$2:J11) -> 40 | L1: =SUM($G$2:K11) -> 50 | M1: =SUM($G$2:L11) -> 60 | N1: =SUM($G$2:M11) -> 70 | O1: =SUM($G$2:N11) -> 79 | P1: =SUM($G$2:O11) -> 79
A2: Удержание пользовталей в течение недели (%) | B2: =VLOOKUP(B$1,Данные!$A:$D,MATCH(A2,Данные!$A$1:$D$1,0),0) -> 0.79 | G2: =IF(SUM(G$1:G1)>=$F$1,"",1) -> 1 | H2: =IF(SUM(H$1:H1)>=$F$1,"",1) -> 1 | I2: =IF(SUM(I$1:I1)>=$F$1,"",1) -> 1 | J2: =IF(SUM(J$1:J1)>=$F$1,"",1) -> 1 | K2: =IF(SUM(K$1:K1)>=$F$1,"",1) -> 1 | L2: =IF(SUM(L$1:L1)>=$F$1,"",1) -> 1 | M2: =IF(SUM(M$1:M1)>=$F$1,"",1) -> 1 | N2: =IF(SUM(N$1:N1)>=$F$1,"",1) -> 1 | ... P2: =IF(SUM(P$1:P1)>=$F$1,"",1) | R2: 1 | S2: 1 | T2: 1 | U2: 1 | V2: 1 | W2: 1 | X2: 1 | Y2: 1 | Z2: 1 | AA2: 1
A3: Оценка в AppStore (0-100) | B3: =VLOOKUP(B$1,Данные!$A:$D,MATCH(A3,Данные!$A$1:$D$1,0),0) -> 0.83 | G3: =IF(SUM(G$1:G2)>=$F$1,"",1) -> 1 | H3: =IF(SUM(H$1:H2)>=$F$1,"",1) -> 1 | I3: =IF(SUM(I$1:I2)>=$F$1,"",1) -> 1 | J3: =IF(SUM(J$1:J2)>=$F$1,"",1) -> 1 | K3: =IF(SUM(K$1:K2)>=$F$1,"",1) -> 1 | L3: =IF(SUM(L$1:L2)>=$F$1,"",1) -> 1 | M3: =IF(SUM(M$1:M2)>=$F$1,"",1) -> 1 | N3: =IF(SUM(N$1:N2)>=$F$1,"",1) -> 1 | ... P3: =IF(SUM(P$1:P2)>=$F$1,"",1) | R3: 1 | S3: 1 | T3: 1 | U3: 1 | V3: 1 | W3: 1 | X3: 1 | Y3: 1 | Z3: 1 | AA3: 1
A4: Конверсия в платеж (%) | B4: =VLOOKUP(B$1,Данные!$A:$D,MATCH(A4,Данные!$A$1:$D$1,0),0) -> 0.83 | G4: =IF(SUM(G$1:G3)>=$F$1,"",1) -> 1 | H4: =IF(SUM(H$1:H3)>=$F$1,"",1) -> 1 | I4: =IF(SUM(I$1:I3)>=$F$1,"",1) -> 1 | J4: =IF(SUM(J$1:J3)>=$F$1,"",1) -> 1 | K4: =IF(SUM(K$1:K3)>=$F$1,"",1) -> 1 | L4: =IF(SUM(L$1:L3)>=$F$1,"",1) -> 1 | M4: =IF(SUM(M$1:M3)>=$F$1,"",1) -> 1 | N4: =IF(SUM(N$1:N3)>=$F$1,"",1) -> 1 | ... P4: =IF(SUM(P$1:P3)>=$F$1,"",1) | R4: 1 | S4: 1 | T4: 1 | U4: 1 | V4: 1 | W4: 1 | X4: 1 | Y4: 1 | Z4: 1 | AA4: 1
G5: =IF(SUM(G$1:G4)>=$F$1,"",1) -> 1 | H5: =IF(SUM(H$1:H4)>=$F$1,"",1) -> 1 | I5: =IF(SUM(I$1:I4)>=$F$1,"",1) -> 1 | J5: =IF(SUM(J$1:J4)>=$F$1,"",1) -> 1 | K5: =IF(SUM(K$1:K4)>=$F$1,"",1) -> 1 | L5: =IF(SUM(L$1:L4)>=$F$1,"",1) -> 1 | M5: =IF(SUM(M$1:M4)>=$F$1,"",1) -> 1 | N5: =IF(SUM(N$1:N4)>=$F$1,"",1) -> 1 | ... P5: =IF(SUM(P$1:P4)>=$F$1,"",1) | R5: 1 | S5: 1 | T5: 1 | U5: 1 | V5: 1 | W5: 1 | X5: 1 | Y5: 1 | Z5: 1 | AA5: 1
A6: 2 | B6: Неделя | C6: =INDEX(Данные!B1:D1,A6) -> Оценка в AppStore (0-100) | G6: =IF(SUM(G$1:G5)>=$F$1,"",1) -> 1 | H6: =IF(SUM(H$1:H5)>=$F$1,"",1) -> 1 | I6: =IF(SUM(I$1:I5)>=$F$1,"",1) -> 1 | J6: =IF(SUM(J$1:J5)>=$F$1,"",1) -> 1 | K6: =IF(SUM(K$1:K5)>=$F$1,"",1) -> 1 | L6: =IF(SUM(L$1:L5)>=$F$1,"",1) -> 1 | M6: =IF(SUM(M$1:M5)>=$F$1,"",1) -> 1 | N6: =IF(SUM(N$1:N5)>=$F$1,"",1) -> 1 | ... P6: =IF(SUM(P$1:P5)>=$F$1,"",1) | R6: 1 | S6: 1 | T6: 1 | U6: 1 | V6: 1 | W6: 1 | X6: 1 | Y6: 1 | Z6: 1 | AA6: 1
A7: =Данные!A2 -> Неделя 1 | B7: =LEFT(A7,3) -> Нед | C7: =VLOOKUP(A7,Данные!$A$1:$D$13,$A$6+1,0) -> 0.25 | G7: =IF(SUM(G$1:G6)>=$F$1,"",1) -> 1 | H7: =IF(SUM(H$1:H6)>=$F$1,"",1) -> 1 | I7: =IF(SUM(I$1:I6)>=$F$1,"",1) -> 1 | J7: =IF(SUM(J$1:J6)>=$F$1,"",1) -> 1 | K7: =IF(SUM(K$1:K6)>=$F$1,"",1) -> 1 | L7: =IF(SUM(L$1:L6)>=$F$1,"",1) -> 1 | M7: =IF(SUM(M$1:M6)>=$F$1,"",1) -> 1 | N7: =IF(SUM(N$1:N6)>=$F$1,"",1) -> 1 | ... P7: =IF(SUM(P$1:P6)>=$F$1,"",1) | R7: 1 | S7: 1 | T7: 1 | U7: 1 | V7: 1 | W7: 1 | X7: 1 | Y7: 1 | Z7: 1 | AA7: 1
A8: =Данные!A3 -> Неделя 2 | B8: =LEFT(A8,3) -> Нед | C8: =VLOOKUP(A8,Данные!$A$1:$D$13,$A$6+1,0) -> 0.33 | G8: =IF(SUM(G$1:G7)>=$F$1,"",1) -> 1 | H8: =IF(SUM(H$1:H7)>=$F$1,"",1) -> 1 | I8: =IF(SUM(I$1:I7)>=$F$1,"",1) -> 1 | J8: =IF(SUM(J$1:J7)>=$F$1,"",1) -> 1 | K8: =IF(SUM(K$1:K7)>=$F$1,"",1) -> 1 | L8: =IF(SUM(L$1:L7)>=$F$1,"",1) -> 1 | M8: =IF(SUM(M$1:M7)>=$F$1,"",1) -> 1 | N8: =IF(SUM(N$1:N7)>=$F$1,"",1) -> 1 | ... P8: =IF(SUM(P$1:P7)>=$F$1,"",1) | R8: 1 | S8: 1 | T8: 1 | U8: 1 | V8: 1 | W8: 1 | X8: 1 | Y8: 1 | Z8: 1 | AA8: 1
A9: =Данные!A4 -> Неделя 3 | B9: =LEFT(A9,3) -> Нед | C9: =VLOOKUP(A9,Данные!$A$1:$D$13,$A$6+1,0) -> 0.34 | G9: =IF(SUM(G$1:G8)>=$F$1,"",1) -> 1 | H9: =IF(SUM(H$1:H8)>=$F$1,"",1) -> 1 | I9: =IF(SUM(I$1:I8)>=$F$1,"",1) -> 1 | J9: =IF(SUM(J$1:J8)>=$F$1,"",1) -> 1 | K9: =IF(SUM(K$1:K8)>=$F$1,"",1) -> 1 | L9: =IF(SUM(L$1:L8)>=$F$1,"",1) -> 1 | M9: =IF(SUM(M$1:M8)>=$F$1,"",1) -> 1 | N9: =IF(SUM(N$1:N8)>=$F$1,"",1) -> 1 | ... P9: =IF(SUM(P$1:P8)>=$F$1,"",1) | R9: 1 | S9: 1 | T9: 1 | U9: 1 | V9: 1 | W9: 1 | X9: 1 | Y9: 1 | Z9: 1 | AA9: 1
A10: =Данные!A5 -> Неделя 4 | B10: =LEFT(A10,3) -> Нед | C10: =VLOOKUP(A10,Данные!$A$1:$D$13,$A$6+1,0) -> 0.4 | G10: =IF(SUM(G$1:G9)>=$F$1,"",1) -> 1 | H10: =IF(SUM(H$1:H9)>=$F$1,"",1) -> 1 | I10: =IF(SUM(I$1:I9)>=$F$1,"",1) -> 1 | J10: =IF(SUM(J$1:J9)>=$F$1,"",1) -> 1 | K10: =IF(SUM(K$1:K9)>=$F$1,"",1) -> 1 | L10: =IF(SUM(L$1:L9)>=$F$1,"",1) -> 1 | M10: =IF(SUM(M$1:M9)>=$F$1,"",1) -> 1 | N10: =IF(SUM(N$1:N9)>=$F$1,"",1) -> 1 | ... P10: =IF(SUM(P$1:P9)>=$F$1,"",1) | R10: 1 | S10: 1 | T10: 1 | U10: 1 | V10: 1 | W10: 1 | X10: 1 | Y10: 1 | Z10: 1 | AA10: 1
A11: =Данные!A6 -> Неделя 5 | B11: =LEFT(A11,3) -> Нед | C11: =VLOOKUP(A11,Данные!$A$1:$D$13,$A$6+1,0) -> 0.49 | G11: =IF(SUM(G$1:G10)>=$F$1,"",1) -> 1 | H11: =IF(SUM(H$1:H10)>=$F$1,"",1) -> 1 | I11: =IF(SUM(I$1:I10)>=$F$1,"",1) -> 1 | J11: =IF(SUM(J$1:J10)>=$F$1,"",1) -> 1 | K11: =IF(SUM(K$1:K10)>=$F$1,"",1) -> 1 | L11: =IF(SUM(L$1:L10)>=$F$1,"",1) -> 1 | M11: =IF(SUM(M$1:M10)>=$F$1,"",1) -> 1 | N11: =IF(SUM(N$1:N10)>=$F$1,"",1) | ... P11: =IF(SUM(P$1:P10)>=$F$1,"",1) | R11: 1 | S11: 1 | T11: 1 | U11: 1 | V11: 1 | W11: 1 | X11: 1 | Y11: 1 | Z11: 1 | AA11: 1
A12: =Данные!A7 -> Неделя 6 | B12: =LEFT(A12,3) -> Нед | C12: =VLOOKUP(A12,Данные!$A$1:$D$13,$A$6+1,0) -> 0.4 | E12: Пок. качеств. | F12: =ROUND(B3*100,0) -> 83 | G12: 0 | H12: =SUM($G$13:G22) -> 10 | I12: =SUM($G$13:H22) -> 20 | J12: =SUM($G$13:I22) -> 30 | K12: =SUM($G$13:J22) -> 40 | L12: =SUM($G$13:K22) -> 50 | M12: =SUM($G$13:L22) -> 60 | N12: =SUM($G$13:M22) -> 70 | O12: =SUM($G$13:N22) -> 80 | P12: =SUM($G$13:O22) -> 83
A13: =Данные!A8 -> Неделя 7 | B13: =LEFT(A13,3) -> Нед | C13: =VLOOKUP(A13,Данные!$A$1:$D$13,$A$6+1,0) -> 0.65 | G13: =IF(SUM(G$12:G12)>=$F$12,"",1) -> 1 | H13: =IF(SUM(H$12:H12)>=$F$12,"",1) -> 1 | I13: =IF(SUM(I$12:I12)>=$F$12,"",1) -> 1 | J13: =IF(SUM(J$12:J12)>=$F$12,"",1) -> 1 | K13: =IF(SUM(K$12:K12)>=$F$12,"",1) -> 1 | L13: =IF(SUM(L$12:L12)>=$F$12,"",1) -> 1 | M13: =IF(SUM(M$12:M12)>=$F$12,"",1) -> 1 | N13: =IF(SUM(N$12:N12)>=$F$12,"",1) -> 1 | ... P13: =IF(SUM(P$12:P12)>=$F$12,"",1)
A14: =Данные!A9 -> Неделя 8 | B14: =LEFT(A14,3) -> Нед | C14: =VLOOKUP(A14,Данные!$A$1:$D$13,$A$6+1,0) -> 0.7 | G14: =IF(SUM(G$12:G13)>=$F$12,"",1) -> 1 | H14: =IF(SUM(H$12:H13)>=$F$12,"",1) -> 1 | I14: =IF(SUM(I$12:I13)>=$F$12,"",1) -> 1 | J14: =IF(SUM(J$12:J13)>=$F$12,"",1) -> 1 | K14: =IF(SUM(K$12:K13)>=$F$12,"",1) -> 1 | L14: =IF(SUM(L$12:L13)>=$F$12,"",1) -> 1 | M14: =IF(SUM(M$12:M13)>=$F$12,"",1) -> 1 | N14: =IF(SUM(N$12:N13)>=$F$12,"",1) -> 1 | ... P14: =IF(SUM(P$12:P13)>=$F$12,"",1)
A15: =Данные!A10 -> Неделя 9 | B15: =LEFT(A15,3) -> Нед | C15: =VLOOKUP(A15,Данные!$A$1:$D$13,$A$6+1,0) -> 0.8 | G15: =IF(SUM(G$12:G14)>=$F$12,"",1) -> 1 | H15: =IF(SUM(H$12:H14)>=$F$12,"",1) -> 1 | I15: =IF(SUM(I$12:I14)>=$F$12,"",1) -> 1 | J15: =IF(SUM(J$12:J14)>=$F$12,"",1) -> 1 | K15: =IF(SUM(K$12:K14)>=$F$12,"",1) -> 1 | L15: =IF(SUM(L$12:L14)>=$F$12,"",1) -> 1 | M15: =IF(SUM(M$12:M14)>=$F$12,"",1) -> 1 | N15: =IF(SUM(N$12:N14)>=$F$12,"",1) -> 1 | ... P15: =IF(SUM(P$12:P14)>=$F$12,"",1)
A16: =Данные!A11 -> Неделя 10 | B16: =LEFT(A16,3) -> Нед | C16: =VLOOKUP(A16,Данные!$A$1:$D$13,$A$6+1,0) -> 0.82 | G16: =IF(SUM(G$12:G15)>=$F$12,"",1) -> 1 | H16: =IF(SUM(H$12:H15)>=$F$12,"",1) -> 1 | I16: =IF(SUM(I$12:I15)>=$F$12,"",1) -> 1 | J16: =IF(SUM(J$12:J15)>=$F$12,"",1) -> 1 | K16: =IF(SUM(K$12:K15)>=$F$12,"",1) -> 1 | L16: =IF(SUM(L$12:L15)>=$F$12,"",1) -> 1 | M16: =IF(SUM(M$12:M15)>=$F$12,"",1) -> 1 | N16: =IF(SUM(N$12:N15)>=$F$12,"",1) -> 1 | ... P16: =IF(SUM(P$12:P15)>=$F$12,"",1)
A17: =Данные!A12 -> Неделя 11 | B17: =LEFT(A17,3) -> Нед | C17: =VLOOKUP(A17,Данные!$A$1:$D$13,$A$6+1,0) -> 0.84 | G17: =IF(SUM(G$12:G16)>=$F$12,"",1) -> 1 | H17: =IF(SUM(H$12:H16)>=$F$12,"",1) -> 1 | I17: =IF(SUM(I$12:I16)>=$F$12,"",1) -> 1 | J17: =IF(SUM(J$12:J16)>=$F$12,"",1) -> 1 | K17: =IF(SUM(K$12:K16)>=$F$12,"",1) -> 1 | L17: =IF(SUM(L$12:L16)>=$F$12,"",1) -> 1 | M17: =IF(SUM(M$12:M16)>=$F$12,"",1) -> 1 | N17: =IF(SUM(N$12:N16)>=$F$12,"",1) -> 1 | ... P17: =IF(SUM(P$12:P16)>=$F$12,"",1)
A18: =Данные!A13 -> Неделя 12 | B18: =LEFT(A18,3) -> Нед | C18: =VLOOKUP(A18,Данные!$A$1:$D$13,$A$6+1,0) -> 0.83 | G18: =IF(SUM(G$12:G17)>=$F$12,"",1) -> 1 | H18: =IF(SUM(H$12:H17)>=$F$12,"",1) -> 1 | I18: =IF(SUM(I$12:I17)>=$F$12,"",1) -> 1 | J18: =IF(SUM(J$12:J17)>=$F$12,"",1) -> 1 | K18: =IF(SUM(K$12:K17)>=$F$12,"",1) -> 1 | L18: =IF(SUM(L$12:L17)>=$F$12,"",1) -> 1 | M18: =IF(SUM(M$12:M17)>=$F$12,"",1) -> 1 | N18: =IF(SUM(N$12:N17)>=$F$12,"",1) -> 1 | ... P18: =IF(SUM(P$12:P17)>=$F$12,"",1)
G19: =IF(SUM(G$12:G18)>=$F$12,"",1) -> 1 | H19: =IF(SUM(H$12:H18)>=$F$12,"",1) -> 1 | I19: =IF(SUM(I$12:I18)>=$F$12,"",1) -> 1 | J19: =IF(SUM(J$12:J18)>=$F$12,"",1) -> 1 | K19: =IF(SUM(K$12:K18)>=$F$12,"",1) -> 1 | L19: =IF(SUM(L$12:L18)>=$F$12,"",1) -> 1 | M19: =IF(SUM(M$12:M18)>=$F$12,"",1) -> 1 | N19: =IF(SUM(N$12:N18)>=$F$12,"",1) -> 1 | ... P19: =IF(SUM(P$12:P18)>=$F$12,"",1)
G20: =IF(SUM(G$12:G19)>=$F$12,"",1) -> 1 | H20: =IF(SUM(H$12:H19)>=$F$12,"",1) -> 1 | I20: =IF(SUM(I$12:I19)>=$F$12,"",1) -> 1 | J20: =IF(SUM(J$12:J19)>=$F$12,"",1) -> 1 | K20: =IF(SUM(K$12:K19)>=$F$12,"",1) -> 1 | L20: =IF(SUM(L$12:L19)>=$F$12,"",1) -> 1 | M20: =IF(SUM(M$12:M19)>=$F$12,"",1) -> 1 | N20: =IF(SUM(N$12:N19)>=$F$12,"",1) -> 1 | ... P20: =IF(SUM(P$12:P19)>=$F$12,"",1)
G21: =IF(SUM(G$12:G20)>=$F$12,"",1) -> 1 | H21: =IF(SUM(H$12:H20)>=$F$12,"",1) -> 1 | I21: =IF(SUM(I$12:I20)>=$F$12,"",1) -> 1 | J21: =IF(SUM(J$12:J20)>=$F$12,"",1) -> 1 | K21: =IF(SUM(K$12:K20)>=$F$12,"",1) -> 1 | L21: =IF(SUM(L$12:L20)>=$F$12,"",1) -> 1 | M21: =IF(SUM(M$12:M20)>=$F$12,"",1) -> 1 | N21: =IF(SUM(N$12:N20)>=$F$12,"",1) -> 1 | ... P21: =IF(SUM(P$12:P20)>=$F$12,"",1)
G22: =IF(SUM(G$12:G21)>=$F$12,"",1) -> 1 | H22: =IF(SUM(H$12:H21)>=$F$12,"",1) -> 1 | I22: =IF(SUM(I$12:I21)>=$F$12,"",1) -> 1 | J22: =IF(SUM(J$12:J21)>=$F$12,"",1) -> 1 | K22: =IF(SUM(K$12:K21)>=$F$12,"",1) -> 1 | L22: =IF(SUM(L$12:L21)>=$F$12,"",1) -> 1 | M22: =IF(SUM(M$12:M21)>=$F$12,"",1) -> 1 | N22: =IF(SUM(N$12:N21)>=$F$12,"",1) -> 1 | ... P22: =IF(SUM(P$12:P21)>=$F$12,"",1)
E23: Производит. | F23: =ROUND(B4*100,0) -> 83 | G23: 0 | H23: =SUM($G$24:G33) -> 10 | I23: =SUM($G$24:H33) -> 20 | J23: =SUM($G$24:I33) -> 30 | K23: =SUM($G$24:J33) -> 40 | L23: =SUM($G$24:K33) -> 50 | M23: =SUM($G$24:L33) -> 60 | N23: =SUM($G$24:M33) -> 70 | O23: =SUM($G$24:N33) -> 80 | P23: =SUM($G$24:O33) -> 83
G24: =IF(SUM(G$23:G23)>=$F$23,"",1) -> 1 | H24: =IF(SUM(H$23:H23)>=$F$23,"",1) -> 1 | I24: =IF(SUM(I$23:I23)>=$F$23,"",1) -> 1 | J24: =IF(SUM(J$23:J23)>=$F$23,"",1) -> 1 | K24: =IF(SUM(K$23:K23)>=$F$23,"",1) -> 1 | L24: =IF(SUM(L$23:L23)>=$F$23,"",1) -> 1 | M24: =IF(SUM(M$23:M23)>=$F$23,"",1) -> 1 | N24: =IF(SUM(N$23:N23)>=$F$23,"",1) -> 1 | ... P24: =IF(SUM(P$23:P23)>=$F$23,"",1)
G25: =IF(SUM(G$23:G24)>=$F$23,"",1) -> 1 | H25: =IF(SUM(H$23:H24)>=$F$23,"",1) -> 1 | I25: =IF(SUM(I$23:I24)>=$F$23,"",1) -> 1 | J25: =IF(SUM(J$23:J24)>=$F$23,"",1) -> 1 | K25: =IF(SUM(K$23:K24)>=$F$23,"",1) -> 1 | L25: =IF(SUM(L$23:L24)>=$F$23,"",1) -> 1 | M25: =IF(SUM(M$23:M24)>=$F$23,"",1) -> 1 | N25: =IF(SUM(N$23:N24)>=$F$23,"",1) -> 1 | ... P25: =IF(SUM(P$23:P24)>=$F$23,"",1)
G26: =IF(SUM(G$23:G25)>=$F$23,"",1) -> 1 | H26: =IF(SUM(H$23:H25)>=$F$23,"",1) -> 1 | I26: =IF(SUM(I$23:I25)>=$F$23,"",1) -> 1 | J26: =IF(SUM(J$23:J25)>=$F$23,"",1) -> 1 | K26: =IF(SUM(K$23:K25)>=$F$23,"",1) -> 1 | L26: =IF(SUM(L$23:L25)>=$F$23,"",1) -> 1 | M26: =IF(SUM(M$23:M25)>=$F$23,"",1) -> 1 | N26: =IF(SUM(N$23:N25)>=$F$23,"",1) -> 1 | ... P26: =IF(SUM(P$23:P25)>=$F$23,"",1)
G27: =IF(SUM(G$23:G26)>=$F$23,"",1) -> 1 | H27: =IF(SUM(H$23:H26)>=$F$23,"",1) -> 1 | I27: =IF(SUM(I$23:I26)>=$F$23,"",1) -> 1 | J27: =IF(SUM(J$23:J26)>=$F$23,"",1) -> 1 | K27: =IF(SUM(K$23:K26)>=$F$23,"",1) -> 1 | L27: =IF(SUM(L$23:L26)>=$F$23,"",1) -> 1 | M27: =IF(SUM(M$23:M26)>=$F$23,"",1) -> 1 | N27: =IF(SUM(N$23:N26)>=$F$23,"",1) -> 1 | ... P27: =IF(SUM(P$23:P26)>=$F$23,"",1)
G28: =IF(SUM(G$23:G27)>=$F$23,"",1) -> 1 | H28: =IF(SUM(H$23:H27)>=$F$23,"",1) -> 1 | I28: =IF(SUM(I$23:I27)>=$F$23,"",1) -> 1 | J28: =IF(SUM(J$23:J27)>=$F$23,"",1) -> 1 | K28: =IF(SUM(K$23:K27)>=$F$23,"",1) -> 1 | L28: =IF(SUM(L$23:L27)>=$F$23,"",1) -> 1 | M28: =IF(SUM(M$23:M27)>=$F$23,"",1) -> 1 | N28: =IF(SUM(N$23:N27)>=$F$23,"",1) -> 1 | ... P28: =IF(SUM(P$23:P27)>=$F$23,"",1)
G29: =IF(SUM(G$23:G28)>=$F$23,"",1) -> 1 | H29: =IF(SUM(H$23:H28)>=$F$23,"",1) -> 1 | I29: =IF(SUM(I$23:I28)>=$F$23,"",1) -> 1 | J29: =IF(SUM(J$23:J28)>=$F$23,"",1) -> 1 | K29: =IF(SUM(K$23:K28)>=$F$23,"",1) -> 1 | L29: =IF(SUM(L$23:L28)>=$F$23,"",1) -> 1 | M29: =IF(SUM(M$23:M28)>=$F$23,"",1) -> 1 | N29: =IF(SUM(N$23:N28)>=$F$23,"",1) -> 1 | ... P29: =IF(SUM(P$23:P28)>=$F$23,"",1)
G30: =IF(SUM(G$23:G29)>=$F$23,"",1) -> 1 | H30: =IF(SUM(H$23:H29)>=$F$23,"",1) -> 1 | I30: =IF(SUM(I$23:I29)>=$F$23,"",1) -> 1 | J30: =IF(SUM(J$23:J29)>=$F$23,"",1) -> 1 | K30: =IF(SUM(K$23:K29)>=$F$23,"",1) -> 1 | L30: =IF(SUM(L$23:L29)>=$F$23,"",1) -> 1 | M30: =IF(SUM(M$23:M29)>=$F$23,"",1) -> 1 | N30: =IF(SUM(N$23:N29)>=$F$23,"",1) -> 1 | ... P30: =IF(SUM(P$23:P29)>=$F$23,"",1)
G31: =IF(SUM(G$23:G30)>=$F$23,"",1) -> 1 | H31: =IF(SUM(H$23:H30)>=$F$23,"",1) -> 1 | I31: =IF(SUM(I$23:I30)>=$F$23,"",1) -> 1 | J31: =IF(SUM(J$23:J30)>=$F$23,"",1) -> 1 | K31: =IF(SUM(K$23:K30)>=$F$23,"",1) -> 1 | L31: =IF(SUM(L$23:L30)>=$F$23,"",1) -> 1 | M31: =IF(SUM(M$23:M30)>=$F$23,"",1) -> 1 | N31: =IF(SUM(N$23:N30)>=$F$23,"",1) -> 1 | ... P31: =IF(SUM(P$23:P30)>=$F$23,"",1)
G32: =IF(SUM(G$23:G31)>=$F$23,"",1) -> 1 | H32: =IF(SUM(H$23:H31)>=$F$23,"",1) -> 1 | I32: =IF(SUM(I$23:I31)>=$F$23,"",1) -> 1 | J32: =IF(SUM(J$23:J31)>=$F$23,"",1) -> 1 | K32: =IF(SUM(K$23:K31)>=$F$23,"",1) -> 1 | L32: =IF(SUM(L$23:L31)>=$F$23,"",1) -> 1 | M32: =IF(SUM(M$23:M31)>=$F$23,"",1) -> 1 | N32: =IF(SUM(N$23:N31)>=$F$23,"",1) -> 1 | ... P32: =IF(SUM(P$23:P31)>=$F$23,"",1)
G33: =IF(SUM(G$23:G32)>=$F$23,"",1) -> 1 | H33: =IF(SUM(H$23:H32)>=$F$23,"",1) -> 1 | I33: =IF(SUM(I$23:I32)>=$F$23,"",1) -> 1 | J33: =IF(SUM(J$23:J32)>=$F$23,"",1) -> 1 | K33: =IF(SUM(K$23:K32)>=$F$23,"",1) -> 1 | L33: =IF(SUM(L$23:L32)>=$F$23,"",1) -> 1 | M33: =IF(SUM(M$23:M32)>=$F$23,"",1) -> 1 | N33: =IF(SUM(N$23:N32)>=$F$23,"",1) -> 1 | ... P33: =IF(SUM(P$23:P32)>=$F$23,"",1)
